class,A,B
veg,0.3,-0.522878745
veg,0.2,-0.698970004
building,0.7,-0.15490196
veg,0.3,-0.522878745
building,0.7,-0.15490196
water,0.2,-0.698970004
veg,0.5,-0.301029996
water,0.1,-1
veg,0.6,-0.22184875
building,0.9,-0.045757491
building,0.9,-0.045757491
building,0.8,-0.096910013
